<?xml version="1.0" encoding="UTF-8"?><idempiere Name="POSIntegration" Version="1" idempiereVersion="" DataBaseVersion="" Description="" Author="" AuthorEmail="" CreatedDate="2017-02-14 16:46:41.949" UpdatedDate="2017-02-14 16:46:41.949" PackOutVersion="100" UpdateDictionary="false" Client="0-SYSTEM-System" AD_Client_UU="11237b53-9592-4af1-b3c5-afd216514b5d">
    <AD_Process type="table">
        <AD_Process_ID>53271</AD_Process_ID>
        <AD_Client_ID>0</AD_Client_ID>
        <AD_Org_ID>0</AD_Org_ID>
        <AD_Process_ID>53271</AD_Process_ID>
        <IsActive>Y</IsActive>
        <Name>Export to Queue</Name>
        <Description>Export Products or Customers to Queue</Description>
        <Help>You can select both categories. To erase, leave them blank.</Help>
        <ProcedureName/>
        <IsReport>N</IsReport>
        <Value>Export to Queue</Value>
        <IsDirectPrint>N</IsDirectPrint>
        <AD_ReportView_ID reference="id"/>
        <Classname>org.adempiere.process.Export2Queue</Classname>
        <AccessLevel>7</AccessLevel>
        <EntityType>A</EntityType>
        <Statistic_Count>733060</Statistic_Count>
        <Statistic_Seconds>2437490</Statistic_Seconds>
        <AD_PrintFormat_ID reference="id"/>
        <WorkflowValue/>
        <AD_Workflow_ID reference="id"/>
        <IsBetaFunctionality>N</IsBetaFunctionality>
        <IsServerProcess>N</IsServerProcess>
        <ShowHelp>Y</ShowHelp>
        <JasperReport/>
        <AD_Form_ID reference="id"/>
        <CopyFromProcess>N</CopyFromProcess>
        <AD_Process_UU>3ab40b5d-7a7d-4702-807d-a556d7b44948</AD_Process_UU>
        <AD_CtxHelp_ID reference="id"/>
        <AD_Process_Trl type="translation">
            <Help>Exportar a la Cola (Clientes, Productos, Vendedores)</Help>
            <Description>Exportar a la Cola (Clientes, Productos, Vendedores)</Description>
            <Name>Exportar a la Cola (Clientes, Productos, Vendedores)</Name>
            <AD_Language>es_CO</AD_Language>
            <IsActive>Y</IsActive>
            <IsTranslated>Y</IsTranslated>
        </AD_Process_Trl>
        <AD_Process_Para type="table">
            <AD_Client_ID>0</AD_Client_ID>
            <AD_Org_ID>0</AD_Org_ID>
            <IsActive>Y</IsActive>
            <Name>Order</Name>
            <Description>Order</Description>
            <Help>The Order is a control document.  The  Order is complete when the quantity ordered is the same as the quantity shipped and invoiced.  When you close an order, unshipped (backordered) quantities are cancelled.</Help>
            <AD_Process_ID reference="id">53271</AD_Process_ID>
            <SeqNo>80</SeqNo>
            <AD_Reference_ID reference="id">30</AD_Reference_ID>
            <AD_Reference_Value_ID reference="id"/>
            <IsRange>N</IsRange>
            <AD_Val_Rule_ID reference="id"/>
            <FieldLength>0</FieldLength>
            <IsMandatory>N</IsMandatory>
            <DefaultValue/>
            <VFormat/>
            <ValueMin/>
            <ValueMax/>
            <ColumnName>C_Order_ID</ColumnName>
            <DefaultValue2/>
            <IsCentrallyMaintained>Y</IsCentrallyMaintained>
            <EntityType>A</EntityType>
            <AD_Element_ID reference="id">558</AD_Element_ID>
            <ReadOnlyLogic/>
            <DisplayLogic>1=0</DisplayLogic>
            <AD_Process_Para_UU>17b7da21-c350-4926-8036-5b067ee8af8f</AD_Process_Para_UU>
            <IsEncrypted>N</IsEncrypted>
            <AD_Process_Para_Trl type="translation">
                <Help>La ID de la orden de ventas es un identificador único de la orden de ventas; Ésta es controlada por la secuencia del documento para este tipo de documento.</Help>
                <Name>Orden de Venta</Name>
                <Description>Orden de Venta</Description>
                <AD_Language>es_CO</AD_Language>
                <IsActive>Y</IsActive>
                <IsTranslated>Y</IsTranslated>
            </AD_Process_Para_Trl>
        </AD_Process_Para>
        <AD_Process_Para type="table">
            <AD_Client_ID>0</AD_Client_ID>
            <AD_Org_ID>0</AD_Org_ID>
            <IsActive>Y</IsActive>
            <Name>Organization</Name>
            <Description>Organizational entity within client</Description>
            <Help>An organization is a unit of your client or legal entity - examples are store, department. You can share data between organizations.</Help>
            <AD_Process_ID reference="id">53271</AD_Process_ID>
            <SeqNo>9</SeqNo>
            <AD_Reference_ID reference="id">18</AD_Reference_ID>
            <AD_Reference_Value_ID reference="id">130</AD_Reference_Value_ID>
            <IsRange>N</IsRange>
            <AD_Val_Rule_ID reference="id"/>
            <FieldLength>0</FieldLength>
            <IsMandatory>N</IsMandatory>
            <DefaultValue/>
            <VFormat/>
            <ValueMin/>
            <ValueMax/>
            <ColumnName>pAD_Org_ID</ColumnName>
            <DefaultValue2/>
            <IsCentrallyMaintained>N</IsCentrallyMaintained>
            <EntityType>A</EntityType>
            <AD_Element_ID reference="id">113</AD_Element_ID>
            <ReadOnlyLogic/>
            <DisplayLogic/>
            <AD_Process_Para_UU>4754e84c-ce74-4a4b-8eb5-d2ec9541d37b</AD_Process_Para_UU>
            <IsEncrypted>N</IsEncrypted>
            <AD_Process_Para_Trl type="translation">
                <Help>Una organización es una unidad del grupo empresarial o entidad legal - Ej. Tiendas y departamentos. Es posible compartir datos entre organizaciones.</Help>
                <Name>Organización</Name>
                <Description>Entidad organizacional dentro del grupo empresarial</Description>
                <AD_Language>es_CO</AD_Language>
                <IsActive>Y</IsActive>
                <IsTranslated>Y</IsTranslated>
            </AD_Process_Para_Trl>
        </AD_Process_Para>
        <AD_Process_Para type="table">
            <AD_Client_ID>0</AD_Client_ID>
            <AD_Org_ID>0</AD_Org_ID>
            <IsActive>Y</IsActive>
            <Name>Self-Service</Name>
            <Description>This is a Self-Service entry or this entry can be changed via Self-Service</Description>
            <Help>Self-Service allows users to enter data or update their data.  The flag indicates, that this record was entered or created via Self-Service or that the user can change it via the Self-Service functionality.</Help>
            <AD_Process_ID reference="id">53271</AD_Process_ID>
            <SeqNo>90</SeqNo>
            <AD_Reference_ID reference="id">20</AD_Reference_ID>
            <AD_Reference_Value_ID reference="id"/>
            <IsRange>N</IsRange>
            <AD_Val_Rule_ID reference="id"/>
            <FieldLength>0</FieldLength>
            <IsMandatory>N</IsMandatory>
            <DefaultValue>Y</DefaultValue>
            <VFormat/>
            <ValueMin/>
            <ValueMax/>
            <ColumnName>IsSelfService</ColumnName>
            <DefaultValue2/>
            <IsCentrallyMaintained>N</IsCentrallyMaintained>
            <EntityType>A</EntityType>
            <AD_Element_ID reference="id"/>
            <ReadOnlyLogic/>
            <DisplayLogic/>
            <AD_Process_Para_UU>7de2869f-c94d-48ff-867f-9069f9c3b97f</AD_Process_Para_UU>
            <IsEncrypted>N</IsEncrypted>
            <AD_Process_Para_Trl type="translation">
                <Help>Self-Service allows users to enter data or update their data.  The flag indicates, that this record was entered or created via Self-Service or that the user can change it via the Self-Service functionality.</Help>
                <Name>Self-Service</Name>
                <Description>This is a Self-Service entry or this entry can be changed via Self-Service</Description>
                <AD_Language>es_CO</AD_Language>
                <IsActive>Y</IsActive>
                <IsTranslated>N</IsTranslated>
            </AD_Process_Para_Trl>
        </AD_Process_Para>
        <AD_Process_Para type="table">
            <AD_Client_ID>0</AD_Client_ID>
            <AD_Org_ID>0</AD_Org_ID>
            <IsActive>Y</IsActive>
            <Name>Product Category</Name>
            <Description>Category of a Product</Description>
            <Help>Identifies the category which this product belongs to.  Product categories are used for pricing and selection.</Help>
            <AD_Process_ID reference="id">53271</AD_Process_ID>
            <SeqNo>100</SeqNo>
            <AD_Reference_ID reference="id">19</AD_Reference_ID>
            <AD_Reference_Value_ID reference="id"/>
            <IsRange>N</IsRange>
            <AD_Val_Rule_ID reference="id"/>
            <FieldLength>0</FieldLength>
            <IsMandatory>N</IsMandatory>
            <DefaultValue/>
            <VFormat/>
            <ValueMin/>
            <ValueMax/>
            <ColumnName>M_Product_Category_ID</ColumnName>
            <DefaultValue2/>
            <IsCentrallyMaintained>Y</IsCentrallyMaintained>
            <EntityType>A</EntityType>
            <AD_Element_ID reference="id">453</AD_Element_ID>
            <ReadOnlyLogic/>
            <DisplayLogic/>
            <AD_Process_Para_UU>bcdfe346-2132-41a1-aaea-f2530c9edf1c</AD_Process_Para_UU>
            <IsEncrypted>N</IsEncrypted>
            <AD_Process_Para_Trl type="translation">
                <Help>Identifica la categoría a la que pertenece este producto. Las categorías del producto son usadas para el cálculo de precios</Help>
                <Name>Categoría del Producto</Name>
                <Description>Categoría de la que este producto es parte</Description>
                <AD_Language>es_CO</AD_Language>
                <IsActive>Y</IsActive>
                <IsTranslated>Y</IsTranslated>
            </AD_Process_Para_Trl>
        </AD_Process_Para>
        <AD_Process_Para type="table">
            <AD_Client_ID>0</AD_Client_ID>
            <AD_Org_ID>0</AD_Org_ID>
            <IsActive>Y</IsActive>
            <Name>Business Partner Group</Name>
            <Description>Business Partner Group</Description>
            <Help>The Business Partner Group provides a method of defining defaults to be used for individual Business Partners.</Help>
            <AD_Process_ID reference="id">53271</AD_Process_ID>
            <SeqNo>110</SeqNo>
            <AD_Reference_ID reference="id">19</AD_Reference_ID>
            <AD_Reference_Value_ID reference="id"/>
            <IsRange>N</IsRange>
            <AD_Val_Rule_ID reference="id"/>
            <FieldLength>0</FieldLength>
            <IsMandatory>N</IsMandatory>
            <DefaultValue/>
            <VFormat/>
            <ValueMin/>
            <ValueMax/>
            <ColumnName>C_BP_Group_ID</ColumnName>
            <DefaultValue2/>
            <IsCentrallyMaintained>Y</IsCentrallyMaintained>
            <EntityType>A</EntityType>
            <AD_Element_ID reference="id">1383</AD_Element_ID>
            <ReadOnlyLogic/>
            <DisplayLogic/>
            <AD_Process_Para_UU>7058cd7d-5a04-4180-9d22-a3619e35fb6c</AD_Process_Para_UU>
            <IsEncrypted>N</IsEncrypted>
            <AD_Process_Para_Trl type="translation">
                <Help>La ID Grupo del Tercero proporciona un método de definir valores predeterminados a ser usados para Terceros individuales.</Help>
                <Name>Grupo de Tercero</Name>
                <Description>ID del Grupo de Tercero</Description>
                <AD_Language>es_CO</AD_Language>
                <IsActive>Y</IsActive>
                <IsTranslated>Y</IsTranslated>
            </AD_Process_Para_Trl>
        </AD_Process_Para>
        <AD_Process_Para type="table">
            <AD_Client_ID>0</AD_Client_ID>
            <AD_Org_ID>0</AD_Org_ID>
            <IsActive>Y</IsActive>
            <Name>Price List Version</Name>
            <Description>Identifies a unique instance of a Price List</Description>
            <Help>Each Price List can have multiple versions.  The most common use is to indicate the dates that a Price List is valid for.</Help>
            <AD_Process_ID reference="id">53271</AD_Process_ID>
            <SeqNo>120</SeqNo>
            <AD_Reference_ID reference="id">19</AD_Reference_ID>
            <AD_Reference_Value_ID reference="id"/>
            <IsRange>N</IsRange>
            <AD_Val_Rule_ID reference="id"/>
            <FieldLength>0</FieldLength>
            <IsMandatory>N</IsMandatory>
            <DefaultValue/>
            <VFormat/>
            <ValueMin/>
            <ValueMax/>
            <ColumnName>M_PriceList_Version_ID</ColumnName>
            <DefaultValue2/>
            <IsCentrallyMaintained>Y</IsCentrallyMaintained>
            <EntityType>A</EntityType>
            <AD_Element_ID reference="id">450</AD_Element_ID>
            <ReadOnlyLogic/>
            <DisplayLogic/>
            <AD_Process_Para_UU>0ab49c6b-d66e-4689-8a1f-b5740bbae7af</AD_Process_Para_UU>
            <IsEncrypted>N</IsEncrypted>
            <AD_Process_Para_Trl type="translation">
                <Help>Cada lista de precios puede tener múltiples versiones. El uso más común es indicar las fechas en que es válida una lista de precios.</Help>
                <Name>Versión de Lista de Precios</Name>
                <Description>Identifica una instancia única de una lista de precios</Description>
                <AD_Language>es_CO</AD_Language>
                <IsActive>Y</IsActive>
                <IsTranslated>Y</IsTranslated>
            </AD_Process_Para_Trl>
        </AD_Process_Para>
        <AD_Process_Para type="table">
            <AD_Client_ID>0</AD_Client_ID>
            <AD_Org_ID>0</AD_Org_ID>
            <IsActive>Y</IsActive>
            <Name>p_SendAll</Name>
            <Description/>
            <Help/>
            <AD_Process_ID reference="id">53271</AD_Process_ID>
            <SeqNo>130</SeqNo>
            <AD_Reference_ID reference="id">20</AD_Reference_ID>
            <AD_Reference_Value_ID reference="id"/>
            <IsRange>N</IsRange>
            <AD_Val_Rule_ID reference="id"/>
            <FieldLength>0</FieldLength>
            <IsMandatory>N</IsMandatory>
            <DefaultValue>N</DefaultValue>
            <VFormat/>
            <ValueMin/>
            <ValueMax/>
            <ColumnName>SendAll</ColumnName>
            <DefaultValue2/>
            <IsCentrallyMaintained>N</IsCentrallyMaintained>
            <EntityType>A</EntityType>
            <AD_Element_ID reference="id"/>
            <ReadOnlyLogic/>
            <DisplayLogic/>
            <AD_Process_Para_UU>ec2efdd4-e5bd-4710-8d83-b6a33184f880</AD_Process_Para_UU>
            <IsEncrypted>N</IsEncrypted>
            <AD_Process_Para_Trl type="translation">
                <Help/>
                <Name>Enviar Todos los Registros</Name>
                <Description>Envia todos los registros sin tomar en cuenta la fecha de ultima sincronización</Description>
                <AD_Language>es_CO</AD_Language>
                <IsActive>Y</IsActive>
                <IsTranslated>Y</IsTranslated>
            </AD_Process_Para_Trl>
        </AD_Process_Para>
        <AD_Process_Para type="table">
            <AD_Client_ID>0</AD_Client_ID>
            <AD_Org_ID>0</AD_Org_ID>
            <IsActive>Y</IsActive>
            <Name>Tax Category</Name>
            <Description>Tax Category</Description>
            <Help>The Tax Category provides a method of grouping similar taxes.  For example, Sales Tax or Value Added Tax.</Help>
            <AD_Process_ID reference="id">53271</AD_Process_ID>
            <SeqNo>140</SeqNo>
            <AD_Reference_ID reference="id">19</AD_Reference_ID>
            <AD_Reference_Value_ID reference="id"/>
            <IsRange>N</IsRange>
            <AD_Val_Rule_ID reference="id"/>
            <FieldLength>0</FieldLength>
            <IsMandatory>N</IsMandatory>
            <DefaultValue/>
            <VFormat/>
            <ValueMin/>
            <ValueMax/>
            <ColumnName>C_TaxCategory_ID</ColumnName>
            <DefaultValue2/>
            <IsCentrallyMaintained>Y</IsCentrallyMaintained>
            <EntityType>A</EntityType>
            <AD_Element_ID reference="id">211</AD_Element_ID>
            <ReadOnlyLogic/>
            <DisplayLogic/>
            <AD_Process_Para_UU>e9270313-c297-437c-bbd3-582fe35a10b2</AD_Process_Para_UU>
            <IsEncrypted>N</IsEncrypted>
            <AD_Process_Para_Trl type="translation">
                <Help>La categoría de impuesto proporciona un método de agrupación de impuestos similares. (Ej. Impuesto de ventas o Impuesto al Valor Agregado)</Help>
                <Name>Categoría del Impuesto</Name>
                <Description>Categoría de Impuesto</Description>
                <AD_Language>es_CO</AD_Language>
                <IsActive>Y</IsActive>
                <IsTranslated>Y</IsTranslated>
            </AD_Process_Para_Trl>
        </AD_Process_Para>
        <AD_Process_Para type="table">
            <AD_Process_Para_ID>53555</AD_Process_Para_ID>
            <AD_Client_ID>0</AD_Client_ID>
            <AD_Org_ID>0</AD_Org_ID>
            <AD_Process_Para_ID>53555</AD_Process_Para_ID>
            <IsActive>Y</IsActive>
            <Name>LinkURL</Name>
            <Description>Contains URL to a target</Description>
            <Help>A Link should contain info on how to get to more information</Help>
            <AD_Process_ID reference="id">53271</AD_Process_ID>
            <SeqNo>10</SeqNo>
            <AD_Reference_ID reference="id">10</AD_Reference_ID>
            <AD_Reference_Value_ID reference="id"/>
            <IsRange>N</IsRange>
            <AD_Val_Rule_ID reference="id"/>
            <FieldLength>0</FieldLength>
            <IsMandatory>N</IsMandatory>
            <DefaultValue>localhost</DefaultValue>
            <VFormat/>
            <ValueMin/>
            <ValueMax/>
            <ColumnName>LinkURL</ColumnName>
            <DefaultValue2/>
            <IsCentrallyMaintained>Y</IsCentrallyMaintained>
            <EntityType>A</EntityType>
            <AD_Element_ID reference="id">3027</AD_Element_ID>
            <ReadOnlyLogic/>
            <DisplayLogic/>
            <AD_Process_Para_UU>895b7026-1a5b-433a-bcb3-422ba2595786</AD_Process_Para_UU>
            <IsEncrypted>N</IsEncrypted>
            <AD_Process_Para_Trl type="translation">
                <Help>Un link debe contener información de como obtener mayor información.</Help>
                <Name>URLLink</Name>
                <Description>Contiene el URL para un objetivo</Description>
                <AD_Language>es_CO</AD_Language>
                <IsActive>Y</IsActive>
                <IsTranslated>Y</IsTranslated>
            </AD_Process_Para_Trl>
        </AD_Process_Para>
        <AD_Process_Para type="table">
            <AD_Process_Para_ID>53566</AD_Process_Para_ID>
            <AD_Client_ID>0</AD_Client_ID>
            <AD_Org_ID>0</AD_Org_ID>
            <AD_Process_Para_ID>53566</AD_Process_Para_ID>
            <IsActive>Y</IsActive>
            <Name>Queue Path for Customers</Name>
            <Description>Set Queue Path for Customers at MQ</Description>
            <Help>POS' openbravo.properties must be the same path for customers</Help>
            <AD_Process_ID reference="id">53271</AD_Process_ID>
            <SeqNo>25</SeqNo>
            <AD_Reference_ID reference="id">10</AD_Reference_ID>
            <AD_Reference_Value_ID reference="id"/>
            <IsRange>N</IsRange>
            <AD_Val_Rule_ID reference="id"/>
            <FieldLength>22</FieldLength>
            <IsMandatory>N</IsMandatory>
            <DefaultValue>/queue/Customers</DefaultValue>
            <VFormat/>
            <ValueMin/>
            <ValueMax/>
            <ColumnName>LinkCustomers</ColumnName>
            <DefaultValue2/>
            <IsCentrallyMaintained>N</IsCentrallyMaintained>
            <EntityType>A</EntityType>
            <AD_Element_ID reference="id">3025</AD_Element_ID>
            <ReadOnlyLogic/>
            <DisplayLogic/>
            <AD_Process_Para_UU>631c22e2-9793-46c1-b6f7-7f76197e80db</AD_Process_Para_UU>
            <IsEncrypted>N</IsEncrypted>
            <AD_Process_Para_Trl type="translation">
                <Help/>
                <Name>Cola de Clientes</Name>
                <Description>Cola de Clientes</Description>
                <AD_Language>es_CO</AD_Language>
                <IsActive>Y</IsActive>
                <IsTranslated>Y</IsTranslated>
            </AD_Process_Para_Trl>
        </AD_Process_Para>
        <AD_Process_Para type="table">
            <AD_Client_ID>0</AD_Client_ID>
            <AD_Org_ID>0</AD_Org_ID>
            <IsActive>Y</IsActive>
            <Name>Queue Path for Sales Representatives</Name>
            <Description>Set Queue Path for Sales Representatives at MQ</Description>
            <Help>POS' openbravo.properties must be the same path for customers</Help>
            <AD_Process_ID reference="id">53271</AD_Process_ID>
            <SeqNo>26</SeqNo>
            <AD_Reference_ID reference="id">10</AD_Reference_ID>
            <AD_Reference_Value_ID reference="id"/>
            <IsRange>N</IsRange>
            <AD_Val_Rule_ID reference="id"/>
            <FieldLength>22</FieldLength>
            <IsMandatory>N</IsMandatory>
            <DefaultValue>/queue/Users</DefaultValue>
            <VFormat/>
            <ValueMin/>
            <ValueMax/>
            <ColumnName>LinkUsers</ColumnName>
            <DefaultValue2/>
            <IsCentrallyMaintained>N</IsCentrallyMaintained>
            <EntityType>A</EntityType>
            <AD_Element_ID reference="id">3025</AD_Element_ID>
            <ReadOnlyLogic/>
            <DisplayLogic/>
            <AD_Process_Para_UU>76f5b2ae-15d4-4af1-bf63-a951d86afd60</AD_Process_Para_UU>
            <IsEncrypted>N</IsEncrypted>
            <AD_Process_Para_Trl type="translation">
                <Help>Cola Vendedores</Help>
                <Name>Cola Vendedores</Name>
                <Description>Cola Vendedores</Description>
                <AD_Language>es_CO</AD_Language>
                <IsActive>Y</IsActive>
                <IsTranslated>Y</IsTranslated>
            </AD_Process_Para_Trl>
        </AD_Process_Para>
        <AD_Process_Para type="table">
            <AD_Process_Para_ID>53556</AD_Process_Para_ID>
            <AD_Client_ID>0</AD_Client_ID>
            <AD_Org_ID>0</AD_Org_ID>
            <AD_Process_Para_ID>53556</AD_Process_Para_ID>
            <IsActive>Y</IsActive>
            <Name>Queue Path for Products</Name>
            <Description>Set Queue PATH for either Products</Description>
            <Help>POS' openbravo.properties must also be same Products-Queue</Help>
            <AD_Process_ID reference="id">53271</AD_Process_ID>
            <SeqNo>20</SeqNo>
            <AD_Reference_ID reference="id">10</AD_Reference_ID>
            <AD_Reference_Value_ID reference="id"/>
            <IsRange>N</IsRange>
            <AD_Val_Rule_ID reference="id"/>
            <FieldLength>22</FieldLength>
            <IsMandatory>N</IsMandatory>
            <DefaultValue>/queue/Products</DefaultValue>
            <VFormat/>
            <ValueMin/>
            <ValueMax/>
            <ColumnName>LinkProducts</ColumnName>
            <DefaultValue2/>
            <IsCentrallyMaintained>N</IsCentrallyMaintained>
            <EntityType>A</EntityType>
            <AD_Element_ID reference="id">3025</AD_Element_ID>
            <ReadOnlyLogic/>
            <DisplayLogic/>
            <AD_Process_Para_UU>754060c9-6979-4a8d-b7d2-c71e6e556d00</AD_Process_Para_UU>
            <IsEncrypted>N</IsEncrypted>
            <AD_Process_Para_Trl type="translation">
                <Help/>
                <Name>Cola de Productos</Name>
                <Description>Cola de Productos</Description>
                <AD_Language>es_CO</AD_Language>
                <IsActive>Y</IsActive>
                <IsTranslated>Y</IsTranslated>
            </AD_Process_Para_Trl>
        </AD_Process_Para>
    </AD_Process>
    <AD_Process type="table">
        <AD_Client_ID>0</AD_Client_ID>
        <AD_Org_ID>0</AD_Org_ID>
        <IsActive>Y</IsActive>
        <Name>Import Queue Orders</Name>
        <Description/>
        <Help/>
        <ProcedureName/>
        <IsReport>N</IsReport>
        <Value>ImportQueue2Order</Value>
        <IsDirectPrint>N</IsDirectPrint>
        <AD_ReportView_ID reference="id"/>
        <Classname>org.adempiere.process.ImportQueue2Order</Classname>
        <AccessLevel>7</AccessLevel>
        <EntityType>A</EntityType>
        <Statistic_Count/>
        <Statistic_Seconds/>
        <AD_PrintFormat_ID reference="id"/>
        <WorkflowValue/>
        <AD_Workflow_ID reference="id"/>
        <IsBetaFunctionality>N</IsBetaFunctionality>
        <IsServerProcess>N</IsServerProcess>
        <ShowHelp>Y</ShowHelp>
        <JasperReport/>
        <AD_Form_ID reference="id"/>
        <CopyFromProcess/>
        <AD_Process_UU>cf1c5536-8ee4-43e6-855a-1f2a256fbf08</AD_Process_UU>
        <AD_CtxHelp_ID reference="id"/>
        <AD_Process_Trl type="translation">
            <Help/>
            <Description/>
            <Name>Import Queue2 Order</Name>
            <AD_Language>es_CO</AD_Language>
            <IsActive>Y</IsActive>
            <IsTranslated>N</IsTranslated>
        </AD_Process_Trl>
        <AD_Process_Para type="table">
            <AD_Client_ID>0</AD_Client_ID>
            <AD_Org_ID>0</AD_Org_ID>
            <IsActive>Y</IsActive>
            <Name>Test</Name>
            <Description>Execute in Test Mode</Description>
            <Help/>
            <AD_Process_ID reference="uuid" reference-key="AD_Process">cf1c5536-8ee4-43e6-855a-1f2a256fbf08</AD_Process_ID>
            <SeqNo>10</SeqNo>
            <AD_Reference_ID reference="id">20</AD_Reference_ID>
            <AD_Reference_Value_ID reference="id"/>
            <IsRange>N</IsRange>
            <AD_Val_Rule_ID reference="id"/>
            <FieldLength>0</FieldLength>
            <IsMandatory>N</IsMandatory>
            <DefaultValue/>
            <VFormat/>
            <ValueMin/>
            <ValueMax/>
            <ColumnName>IsTest</ColumnName>
            <DefaultValue2/>
            <IsCentrallyMaintained>Y</IsCentrallyMaintained>
            <EntityType>A</EntityType>
            <AD_Element_ID reference="id">2153</AD_Element_ID>
            <ReadOnlyLogic/>
            <DisplayLogic/>
            <AD_Process_Para_UU>f6f8f7e7-e6d5-414a-b41e-addc3c753227</AD_Process_Para_UU>
            <IsEncrypted>N</IsEncrypted>
            <AD_Process_Para_Trl type="translation">
                <Help>There are two methods of making records unavailable in the system: One is to delete the record, the other is to de-activate the record. A de-activated record is not available for selection, but available for reports.
There are two reasons for de-activating and not deleting records:
(1) The system requires the record for audit purposes.
(2) The record is referenced by other records. E.g., you cannot delete a Business Partner, if there are invoices for this partner record existing. You de-activate the Business Partner and prevent that this record is used for future entries.</Help>
                <Name>Active</Name>
                <Description>The record is active in the system</Description>
                <AD_Language>es_CO</AD_Language>
                <IsActive>Y</IsActive>
                <IsTranslated>N</IsTranslated>
            </AD_Process_Para_Trl>
        </AD_Process_Para>
        <AD_Process_Para type="table">
            <AD_Client_ID>0</AD_Client_ID>
            <AD_Org_ID>0</AD_Org_ID>
            <IsActive>Y</IsActive>
            <Name>LinkURL</Name>
            <Description>Contains URL to a target</Description>
            <Help>A Link should contain info on how to get to more information</Help>
            <AD_Process_ID reference="uuid" reference-key="AD_Process">cf1c5536-8ee4-43e6-855a-1f2a256fbf08</AD_Process_ID>
            <SeqNo>12</SeqNo>
            <AD_Reference_ID reference="id">10</AD_Reference_ID>
            <AD_Reference_Value_ID reference="id"/>
            <IsRange>N</IsRange>
            <AD_Val_Rule_ID reference="id"/>
            <FieldLength>0</FieldLength>
            <IsMandatory>N</IsMandatory>
            <DefaultValue>localhost</DefaultValue>
            <VFormat/>
            <ValueMin/>
            <ValueMax/>
            <ColumnName>LinkURL</ColumnName>
            <DefaultValue2/>
            <IsCentrallyMaintained>Y</IsCentrallyMaintained>
            <EntityType>A</EntityType>
            <AD_Element_ID reference="id">3027</AD_Element_ID>
            <ReadOnlyLogic/>
            <DisplayLogic/>
            <AD_Process_Para_UU>55dac417-ecb7-47a7-a4b2-2d7d1f405136</AD_Process_Para_UU>
            <IsEncrypted>N</IsEncrypted>
            <AD_Process_Para_Trl type="translation">
                <Help>A Link should contain info on how to get to more information</Help>
                <Name>LinkURL</Name>
                <Description>Contains URL to a target</Description>
                <AD_Language>es_CO</AD_Language>
                <IsActive>Y</IsActive>
                <IsTranslated>N</IsTranslated>
            </AD_Process_Para_Trl>
        </AD_Process_Para>
        <AD_Process_Para type="table">
            <AD_Client_ID>0</AD_Client_ID>
            <AD_Org_ID>0</AD_Org_ID>
            <IsActive>Y</IsActive>
            <Name>Link</Name>
            <Description>Queue path on ActiveMQ</Description>
            <Help>A Link should contain info on how to get to more information</Help>
            <AD_Process_ID reference="uuid" reference-key="AD_Process">cf1c5536-8ee4-43e6-855a-1f2a256fbf08</AD_Process_ID>
            <SeqNo>11</SeqNo>
            <AD_Reference_ID reference="id">10</AD_Reference_ID>
            <AD_Reference_Value_ID reference="id"/>
            <IsRange>N</IsRange>
            <AD_Val_Rule_ID reference="id"/>
            <FieldLength>0</FieldLength>
            <IsMandatory>N</IsMandatory>
            <DefaultValue>/queue/Orders</DefaultValue>
            <VFormat/>
            <ValueMin/>
            <ValueMax/>
            <ColumnName>Link</ColumnName>
            <DefaultValue2/>
            <IsCentrallyMaintained>Y</IsCentrallyMaintained>
            <EntityType>A</EntityType>
            <AD_Element_ID reference="id">3025</AD_Element_ID>
            <ReadOnlyLogic/>
            <DisplayLogic/>
            <AD_Process_Para_UU>a5ca6667-ef06-46e0-97f2-620a4d955754</AD_Process_Para_UU>
            <IsEncrypted>N</IsEncrypted>
            <AD_Process_Para_Trl type="translation">
                <Help>A Link should contain info on how to get to more information</Help>
                <Name>Link</Name>
                <Description>Contains URL to a target</Description>
                <AD_Language>es_CO</AD_Language>
                <IsActive>Y</IsActive>
                <IsTranslated>N</IsTranslated>
            </AD_Process_Para_Trl>
        </AD_Process_Para>
    </AD_Process>
    <AD_Menu type="table">
        <SeqNo>16</SeqNo>
        <AD_Client_ID>0</AD_Client_ID>
        <AD_Org_ID>0</AD_Org_ID>
        <Name>POS Integration</Name>
        <Description/>
        <Action/>
        <AD_Window_ID reference="id"/>
        <AD_Workflow_ID reference="id"/>
        <AD_Task_ID reference="id"/>
        <IsActive>Y</IsActive>
        <IsSummary>Y</IsSummary>
        <AD_Process_ID reference="id"/>
        <IsSOTrx>N</IsSOTrx>
        <AD_Form_ID reference="id"/>
        <IsReadOnly>N</IsReadOnly>
        <EntityType>U</EntityType>
        <IsCentrallyMaintained>N</IsCentrallyMaintained>
        <AD_Menu_UU>4d0eaa4c-315a-427e-afd4-e799743b7daa</AD_Menu_UU>
        <AD_InfoWindow_ID reference="id"/>
        <AD_Menu_Trl type="translation">
            <Name>Openbravo POS</Name>
            <Description/>
            <AD_Language>es_CO</AD_Language>
            <IsActive>Y</IsActive>
            <IsTranslated>N</IsTranslated>
        </AD_Menu_Trl>
        <AD_Menu type="table">
            <Parent_ID reference="uuid" reference-key="AD_Menu">4d0eaa4c-315a-427e-afd4-e799743b7daa</Parent_ID>
            <SeqNo>1</SeqNo>
            <AD_Menu_ID>53370</AD_Menu_ID>
            <AD_Client_ID>0</AD_Client_ID>
            <AD_Org_ID>0</AD_Org_ID>
            <AD_Menu_ID>53370</AD_Menu_ID>
            <Name>Export to Queue</Name>
            <Description>Export Products or Customers to Queue</Description>
            <Action>P</Action>
            <AD_Window_ID reference="id"/>
            <AD_Workflow_ID reference="id"/>
            <AD_Task_ID reference="id"/>
            <IsActive>Y</IsActive>
            <IsSummary>N</IsSummary>
            <AD_Process_ID reference="id">53271</AD_Process_ID>
            <IsSOTrx>N</IsSOTrx>
            <AD_Form_ID reference="id"/>
            <IsReadOnly>N</IsReadOnly>
            <EntityType>A</EntityType>
            <IsCentrallyMaintained>Y</IsCentrallyMaintained>
            <AD_Menu_UU>1a61b366-4641-4772-83ee-5ecede3bfd9b</AD_Menu_UU>
            <AD_InfoWindow_ID reference="id"/>
        </AD_Menu>
        <AD_Menu type="table">
            <Parent_ID reference="uuid" reference-key="AD_Menu">4d0eaa4c-315a-427e-afd4-e799743b7daa</Parent_ID>
            <SeqNo>4</SeqNo>
            <AD_Client_ID>0</AD_Client_ID>
            <AD_Org_ID>0</AD_Org_ID>
            <Name>Import Queue Orders</Name>
            <Description/>
            <Action>P</Action>
            <AD_Window_ID reference="id"/>
            <AD_Workflow_ID reference="id"/>
            <AD_Task_ID reference="id"/>
            <IsActive>Y</IsActive>
            <IsSummary>N</IsSummary>
            <AD_Process_ID reference="uuid" reference-key="AD_Process">cf1c5536-8ee4-43e6-855a-1f2a256fbf08</AD_Process_ID>
            <IsSOTrx>N</IsSOTrx>
            <AD_Form_ID reference="id"/>
            <IsReadOnly>N</IsReadOnly>
            <EntityType>A</EntityType>
            <IsCentrallyMaintained>Y</IsCentrallyMaintained>
            <AD_Menu_UU>3401ee51-00f7-45f3-be0b-2167783f9a0a</AD_Menu_UU>
            <AD_InfoWindow_ID reference="id"/>
        </AD_Menu>
    </AD_Menu>
</idempiere>
